{
	"pages": [ //pages数组中第一项表示应用启动页，参考：https://uniapp.dcloud.io/collocation/pages
		{
		    "path" : "pages/test/test",
		    "style" : {
				"navigationBarTitleText": "测试"
			}
		},
		{
		    "path" : "pages/news/news",
		    "style" : {
				"navigationBarTitleText": "新闻"
			}
		},
		{
			"path": "pages/index/index",
			"style": {
				"navigationBarTitleText": "首页",
				"enablePullDownRefresh":false
			}
		},       
        {
            "path" : "pages/one/one",
            "style" : {}
        }
        ,{
            "path" : "pages/two/two",
            "style" : {}
        }
    ],
	"tabBar": {
	    "color": "#8F8F94",
	    "selectedColor": "#000000",
	    "borderStyle": "black",
	    "backgroundColor": "#ffffff",
	    "list": [
		{
			"pagePath": "pages/index/index",
			"text": "首页",
			"iconPath":"static/img/index.png",
			"selectedIconPath":"static/img/select_index.png"
		}, 
		{
		    "pagePath": "pages/news/news",
		    "text": "新闻",
			"iconPath":"static/img/index.png",
			"selectedIconPath":"static/img/select_index.png"
		},
		
		{
		    "pagePath": "pages/test/test",
		    "text": "测试",
			"iconPath":"static/img/index.png",
			"selectedIconPath":"static/img/select_index.png"
		}] 
	},
	"globalStyle": {
		"navigationBarTextStyle": "black",
		"navigationBarTitleText": "uni-app",
		"navigationBarBackgroundColor": "#F8F8F8",
		"backgroundColor": "#F8F8F8",
		"enablePullDownRefresh":true
	}
}
